{
	"class_name" : "PinholeCameraParameters",
	"extrinsic" : 
	[
		0.46838785513687009,
		0.23672630237184988,
		0.8512188173000137,
		0.0,
		-0.071642584755149244,
		-0.95008827120603345,
		0.30364389828602206,
		0.0,
		0.88061351182563841,
		-0.20320663050718196,
		-0.42805012335944259,
		0.0,
		-0.012050540795095224,
		0.042760486871867398,
		0.0539162756505535,
		1.0
	],
	"intrinsic" : 
	{
		"height" : 1061,
		"intrinsic_matrix" : 
		[
			918.85295341528945,
			0.0,
			0.0,
			0.0,
			918.85295341528945,
			0.0,
			959.5,
			530.0,
			1.0
		],
		"width" : 1920
	},
	"version_major" : 1,
	"version_minor" : 0
}